GEN_BLD_YRS_1,GEN_BLD_YRS_2,BuildGen
Oahu_AES,1993,180.0
Oahu_Airport_DSG,2013,8.0
Oahu_Battery_Bulk,2020,0.0
Oahu_Battery_Bulk,2023,439.1
Oahu_Battery_Bulk,2025,172.0
Oahu_Battery_Bulk,2030,12.609789630273553
Oahu_Battery_Bulk,2035,157.93658365469298
Oahu_Battery_Bulk,2040,646.2903897853162
Oahu_Battery_Bulk,2045,23.140776443014374
Oahu_Battery_Bulk,2050,0.0
Oahu_Battery_Conting,2020,0.0
Oahu_Battery_Conting,2023,0.0
Oahu_Battery_Conting,2025,0.0
Oahu_Battery_Conting,2030,0.0
Oahu_Battery_Conting,2035,0.0
Oahu_Battery_Conting,2040,0.0
Oahu_Battery_Conting,2045,0.0
Oahu_Battery_Conting,2050,0.0
Oahu_Battery_Reg,2020,0.0
Oahu_Battery_Reg,2023,0.0
Oahu_Battery_Reg,2025,0.0
Oahu_Battery_Reg,2030,0.0
Oahu_Battery_Reg,2035,0.0
Oahu_Battery_Reg,2040,0.0
Oahu_Battery_Reg,2045,0.0
Oahu_Battery_Reg,2050,0.0
Oahu_CC_152,2020,0.0
Oahu_CC_152,2023,0.0
Oahu_CC_152,2025,0.0
Oahu_CC_152,2030,0.0
Oahu_CC_152,2035,0.0
Oahu_CC_152,2040,0.0
Oahu_CC_152,2045,0.0
Oahu_CC_152,2050,0.0
Oahu_CIP_CT,2009,113.0
Oahu_CentralTrackingPV_PV_01,2017,27.6
Oahu_CentralTrackingPV_PV_01,2020,0.0
Oahu_CentralTrackingPV_PV_01,2023,0.0
Oahu_CentralTrackingPV_PV_01,2025,0.0
Oahu_CentralTrackingPV_PV_01,2030,244.466085442376
Oahu_CentralTrackingPV_PV_01,2035,0.0
Oahu_CentralTrackingPV_PV_01,2040,0.0
Oahu_CentralTrackingPV_PV_01,2045,0.0
Oahu_CentralTrackingPV_PV_01,2050,0.0
Oahu_CentralTrackingPV_PV_02,2017,5.0
Oahu_CentralTrackingPV_PV_02,2020,0.0
Oahu_CentralTrackingPV_PV_02,2023,0.0
Oahu_CentralTrackingPV_PV_02,2025,0.0
Oahu_CentralTrackingPV_PV_02,2030,120.15050694568892
Oahu_CentralTrackingPV_PV_02,2035,0.0
Oahu_CentralTrackingPV_PV_02,2040,0.0
Oahu_CentralTrackingPV_PV_02,2045,0.0
Oahu_CentralTrackingPV_PV_02,2050,0.0
Oahu_CentralTrackingPV_PV_03,2012,1.0
Oahu_CentralTrackingPV_PV_03,2020,0.0
Oahu_CentralTrackingPV_PV_03,2023,0.0
Oahu_CentralTrackingPV_PV_03,2025,0.0
Oahu_CentralTrackingPV_PV_03,2030,0.0
Oahu_CentralTrackingPV_PV_03,2035,0.0
Oahu_CentralTrackingPV_PV_03,2040,0.0
Oahu_CentralTrackingPV_PV_03,2045,0.0
Oahu_CentralTrackingPV_PV_03,2050,0.0
Oahu_CentralTrackingPV_PV_04,2012,5.0
Oahu_CentralTrackingPV_PV_04,2014,5.0
Oahu_CentralTrackingPV_PV_04,2020,10.0
Oahu_CentralTrackingPV_PV_04,2023,76.40719524681802
Oahu_CentralTrackingPV_PV_04,2025,149.62747070818597
Oahu_CentralTrackingPV_PV_04,2030,0.0
Oahu_CentralTrackingPV_PV_04,2035,0.0
Oahu_CentralTrackingPV_PV_04,2040,0.0
Oahu_CentralTrackingPV_PV_04,2045,0.0
Oahu_CentralTrackingPV_PV_04,2050,0.0
Oahu_CentralTrackingPV_PV_05,2019,20.0
Oahu_CentralTrackingPV_PV_05,2020,0.0
Oahu_CentralTrackingPV_PV_05,2023,0.0
Oahu_CentralTrackingPV_PV_05,2025,14.1890525823313
Oahu_CentralTrackingPV_PV_05,2030,0.0
Oahu_CentralTrackingPV_PV_05,2035,0.0
Oahu_CentralTrackingPV_PV_05,2040,0.0
Oahu_CentralTrackingPV_PV_05,2045,0.0
Oahu_CentralTrackingPV_PV_05,2050,0.0
Oahu_CentralTrackingPV_PV_06,2012,1.0
Oahu_CentralTrackingPV_PV_06,2020,0.0
Oahu_CentralTrackingPV_PV_06,2023,0.0
Oahu_CentralTrackingPV_PV_06,2025,0.0
Oahu_CentralTrackingPV_PV_06,2030,0.0
Oahu_CentralTrackingPV_PV_06,2035,0.0
Oahu_CentralTrackingPV_PV_06,2040,0.0
Oahu_CentralTrackingPV_PV_06,2045,0.0
Oahu_CentralTrackingPV_PV_06,2050,0.0
Oahu_CentralTrackingPV_PV_07,2016,6.5
Oahu_CentralTrackingPV_PV_07,2019,60.6
Oahu_CentralTrackingPV_PV_07,2020,0.0
Oahu_CentralTrackingPV_PV_07,2023,0.0
Oahu_CentralTrackingPV_PV_07,2025,0.0
Oahu_CentralTrackingPV_PV_07,2030,0.0
Oahu_CentralTrackingPV_PV_07,2035,0.0
Oahu_CentralTrackingPV_PV_07,2040,0.0
Oahu_CentralTrackingPV_PV_07,2045,0.0
Oahu_CentralTrackingPV_PV_07,2050,0.0
Oahu_CentralTrackingPV_PV_08,2020,0.0
Oahu_CentralTrackingPV_PV_08,2023,0.0
Oahu_CentralTrackingPV_PV_08,2025,0.0
Oahu_CentralTrackingPV_PV_08,2030,0.0
Oahu_CentralTrackingPV_PV_08,2035,0.0
Oahu_CentralTrackingPV_PV_08,2040,0.0
Oahu_CentralTrackingPV_PV_08,2045,0.0
Oahu_CentralTrackingPV_PV_08,2050,0.0
Oahu_CentralTrackingPV_PV_09,2020,0.0
Oahu_CentralTrackingPV_PV_09,2023,132.14287286972456
Oahu_CentralTrackingPV_PV_09,2025,0.0
Oahu_CentralTrackingPV_PV_09,2030,0.0
Oahu_CentralTrackingPV_PV_09,2035,0.0
Oahu_CentralTrackingPV_PV_09,2040,0.0
Oahu_CentralTrackingPV_PV_09,2045,0.0
Oahu_CentralTrackingPV_PV_09,2050,0.0
Oahu_CentralTrackingPV_PV_10,2020,0.0
Oahu_CentralTrackingPV_PV_10,2023,0.0
Oahu_CentralTrackingPV_PV_10,2025,0.0
Oahu_CentralTrackingPV_PV_10,2030,0.0
Oahu_CentralTrackingPV_PV_10,2035,0.0
Oahu_CentralTrackingPV_PV_10,2040,0.0
Oahu_CentralTrackingPV_PV_10,2045,515.6785629733401
Oahu_CentralTrackingPV_PV_10,2050,0.0
Oahu_CentralTrackingPV_PV_11,2019,49.0
Oahu_CentralTrackingPV_PV_11,2020,0.0
Oahu_CentralTrackingPV_PV_11,2023,0.0
Oahu_CentralTrackingPV_PV_11,2025,0.0
Oahu_CentralTrackingPV_PV_11,2030,264.91293831121664
Oahu_CentralTrackingPV_PV_11,2035,32.47893591555038
Oahu_CentralTrackingPV_PV_11,2040,0.0
Oahu_CentralTrackingPV_PV_11,2045,0.0
Oahu_CentralTrackingPV_PV_11,2050,49.0
Oahu_CentralTrackingPV_PV_12,2020,0.0
Oahu_CentralTrackingPV_PV_12,2023,64.04993188345745
Oahu_CentralTrackingPV_PV_12,2025,163.1834767094827
Oahu_CentralTrackingPV_PV_12,2030,19.690825208080838
Oahu_CentralTrackingPV_PV_12,2035,0.0
Oahu_CentralTrackingPV_PV_12,2040,0.0
Oahu_CentralTrackingPV_PV_12,2045,0.0
Oahu_CentralTrackingPV_PV_12,2050,0.0
Oahu_CentralTrackingPV_PV_13,2020,0.0
Oahu_CentralTrackingPV_PV_13,2023,0.0
Oahu_CentralTrackingPV_PV_13,2025,0.0
Oahu_CentralTrackingPV_PV_13,2030,254.97439757427355
Oahu_CentralTrackingPV_PV_13,2035,234.43479747242145
Oahu_CentralTrackingPV_PV_13,2040,0.0
Oahu_CentralTrackingPV_PV_13,2045,0.0
Oahu_CentralTrackingPV_PV_13,2050,0.0
Oahu_CentralTrackingPV_PV_14,2020,0.0
Oahu_CentralTrackingPV_PV_14,2023,0.0
Oahu_CentralTrackingPV_PV_14,2025,0.0
Oahu_CentralTrackingPV_PV_14,2030,0.0
Oahu_CentralTrackingPV_PV_14,2035,0.0
Oahu_CentralTrackingPV_PV_14,2040,0.0
Oahu_CentralTrackingPV_PV_14,2045,103.340691037825
Oahu_CentralTrackingPV_PV_14,2050,0.0
Oahu_CentralTrackingPV_PV_15,2020,0.0
Oahu_CentralTrackingPV_PV_15,2023,0.0
Oahu_CentralTrackingPV_PV_15,2025,0.0
Oahu_CentralTrackingPV_PV_15,2030,0.0
Oahu_CentralTrackingPV_PV_15,2035,0.0
Oahu_CentralTrackingPV_PV_15,2040,0.0
Oahu_CentralTrackingPV_PV_15,2045,122.77862336066298
Oahu_CentralTrackingPV_PV_15,2050,129.70000000000002
Oahu_CentralTrackingPV_PV_16,2020,0.0
Oahu_CentralTrackingPV_PV_16,2023,0.0
Oahu_CentralTrackingPV_PV_16,2025,0.0
Oahu_CentralTrackingPV_PV_16,2030,0.0
Oahu_CentralTrackingPV_PV_16,2035,12.29975196907344
Oahu_CentralTrackingPV_PV_16,2040,242.07703315980856
Oahu_CentralTrackingPV_PV_16,2045,0.0
Oahu_CentralTrackingPV_PV_16,2050,0.0
Oahu_CentralTrackingPV_PV_17,2020,0.0
Oahu_CentralTrackingPV_PV_17,2023,0.0
Oahu_CentralTrackingPV_PV_17,2025,0.0
Oahu_CentralTrackingPV_PV_17,2030,0.0
Oahu_CentralTrackingPV_PV_17,2035,0.0
Oahu_CentralTrackingPV_PV_17,2040,0.0
Oahu_CentralTrackingPV_PV_17,2045,0.0
Oahu_CentralTrackingPV_PV_17,2050,0.0
Oahu_CentralTrackingPV_PV_18,2020,0.0
Oahu_CentralTrackingPV_PV_18,2023,0.0
Oahu_CentralTrackingPV_PV_18,2025,0.0
Oahu_CentralTrackingPV_PV_18,2030,0.0
Oahu_CentralTrackingPV_PV_18,2035,0.0
Oahu_CentralTrackingPV_PV_18,2040,0.0
Oahu_CentralTrackingPV_PV_18,2045,0.0
Oahu_CentralTrackingPV_PV_18,2050,0.0
Oahu_DistBattery,2020,31.941
Oahu_DistBattery,2023,25.796
Oahu_DistBattery,2025,8.274000000000001
Oahu_DistBattery,2030,33.387
Oahu_DistBattery,2035,76.83
Oahu_DistBattery,2040,82.792
Oahu_DistBattery,2045,84.50999999999999
Oahu_DistBattery,2050,76.83
Oahu_FlatDistPV_Oahu_FlatDistPV_0,2012,23.6285092812519
Oahu_FlatDistPV_Oahu_FlatDistPV_0,2013,14.2193424991414
Oahu_FlatDistPV_Oahu_FlatDistPV_0,2014,15.4699118537675
Oahu_FlatDistPV_Oahu_FlatDistPV_0,2015,17.6708121421736
Oahu_FlatDistPV_Oahu_FlatDistPV_0,2016,13.9687197495368
Oahu_FlatDistPV_Oahu_FlatDistPV_0,2017,52.4399479121954
Oahu_FlatDistPV_Oahu_FlatDistPV_0,2018,14.464876461952
Oahu_FlatDistPV_Oahu_FlatDistPV_0,2019,8.19294673834397
Oahu_FlatDistPV_Oahu_FlatDistPV_0,2020,15.336
Oahu_FlatDistPV_Oahu_FlatDistPV_0,2023,71.513
Oahu_FlatDistPV_Oahu_FlatDistPV_0,2025,47.409
Oahu_FlatDistPV_Oahu_FlatDistPV_0,2030,141.73
Oahu_FlatDistPV_Oahu_FlatDistPV_0,2035,162.173
Oahu_FlatDistPV_Oahu_FlatDistPV_0,2040,0.0
Oahu_FlatDistPV_Oahu_FlatDistPV_0,2045,105.85955602593627
Oahu_FlatDistPV_Oahu_FlatDistPV_0,2050,0.0
Oahu_FlatDistPV_Oahu_FlatDistPV_1,2020,0.0
Oahu_FlatDistPV_Oahu_FlatDistPV_1,2023,0.0
Oahu_FlatDistPV_Oahu_FlatDistPV_1,2025,0.0
Oahu_FlatDistPV_Oahu_FlatDistPV_1,2030,0.0
Oahu_FlatDistPV_Oahu_FlatDistPV_1,2035,0.0
Oahu_FlatDistPV_Oahu_FlatDistPV_1,2040,0.0
Oahu_FlatDistPV_Oahu_FlatDistPV_1,2045,0.0
Oahu_FlatDistPV_Oahu_FlatDistPV_1,2050,0.0
Oahu_FlatDistPV_Oahu_FlatDistPV_2,2012,13.517490718748
Oahu_FlatDistPV_Oahu_FlatDistPV_2,2013,8.13465750085857
Oahu_FlatDistPV_Oahu_FlatDistPV_2,2014,8.85008814623247
Oahu_FlatDistPV_Oahu_FlatDistPV_2,2015,10.1091878578264
Oahu_FlatDistPV_Oahu_FlatDistPV_2,2016,7.9912802504632
Oahu_FlatDistPV_Oahu_FlatDistPV_2,2017,30.0000520878045
Oahu_FlatDistPV_Oahu_FlatDistPV_2,2018,8.27512353804796
Oahu_FlatDistPV_Oahu_FlatDistPV_2,2019,4.68705326165601
Oahu_FlatDistPV_Oahu_FlatDistPV_2,2020,0.0
Oahu_FlatDistPV_Oahu_FlatDistPV_2,2023,0.0
Oahu_FlatDistPV_Oahu_FlatDistPV_2,2025,0.0
Oahu_FlatDistPV_Oahu_FlatDistPV_2,2030,0.0
Oahu_FlatDistPV_Oahu_FlatDistPV_2,2035,0.0
Oahu_FlatDistPV_Oahu_FlatDistPV_2,2040,0.0
Oahu_FlatDistPV_Oahu_FlatDistPV_2,2045,86.61890191250997
Oahu_FlatDistPV_Oahu_FlatDistPV_2,2050,134.49042328354346
Oahu_FlatDistPV_Oahu_FlatDistPV_3,2020,0.0
Oahu_FlatDistPV_Oahu_FlatDistPV_3,2023,0.0
Oahu_FlatDistPV_Oahu_FlatDistPV_3,2025,0.0
Oahu_FlatDistPV_Oahu_FlatDistPV_3,2030,0.0
Oahu_FlatDistPV_Oahu_FlatDistPV_3,2035,0.0
Oahu_FlatDistPV_Oahu_FlatDistPV_3,2040,0.0
Oahu_FlatDistPV_Oahu_FlatDistPV_3,2045,0.0
Oahu_FlatDistPV_Oahu_FlatDistPV_3,2050,0.0
Oahu_H-Power,1989,73.0
Oahu_Hawaii_Cogen,1982,12.2
Oahu_IC_Barge,2020,0.0
Oahu_IC_Barge,2023,0.0
Oahu_IC_Barge,2025,0.0
Oahu_IC_Barge,2030,0.0
Oahu_IC_Barge,2035,0.0
Oahu_IC_Barge,2040,0.0
Oahu_IC_Barge,2045,0.0
Oahu_IC_Barge,2050,0.0
Oahu_IC_MCBH,2020,0.0
Oahu_IC_MCBH,2023,0.0
Oahu_IC_MCBH,2025,0.0
Oahu_IC_MCBH,2030,0.0
Oahu_IC_MCBH,2035,0.0
Oahu_IC_MCBH,2040,0.0
Oahu_IC_MCBH,2045,0.0
Oahu_IC_MCBH,2050,0.0
Oahu_IC_Schofield,2018,48.84
Oahu_IC_Schofield,2020,0.0
Oahu_IC_Schofield,2023,0.0
Oahu_IC_Schofield,2025,0.0
Oahu_IC_Schofield,2030,0.0
Oahu_IC_Schofield,2035,0.0
Oahu_IC_Schofield,2040,0.0
Oahu_IC_Schofield,2045,0.0
Oahu_IC_Schofield,2050,0.0
Oahu_Kahe_1,1963,82.1
Oahu_Kahe_2,1964,82.1
Oahu_Kahe_3,1970,86.1
Oahu_Kahe_4,1972,85.3
Oahu_Kahe_5,1974,134.3
Oahu_Kahe_6,1981,134.4
Oahu_Kalaeloa_CC1,1989,90.0
Oahu_Kalaeloa_CC2,1991,90.0
Oahu_Kalaeloa_CC3,1991,28.0
Oahu_OffshoreWind_OffWind,2020,0.0
Oahu_OffshoreWind_OffWind,2023,0.0
Oahu_OffshoreWind_OffWind,2025,0.0
Oahu_OffshoreWind_OffWind,2030,0.0
Oahu_OffshoreWind_OffWind,2035,0.0
Oahu_OffshoreWind_OffWind,2040,0.0
Oahu_OffshoreWind_OffWind,2045,200.0
Oahu_OffshoreWind_OffWind,2050,1500.3984625411756
Oahu_OnshoreWind_OnWind_101,2020,0.0
Oahu_OnshoreWind_OnWind_101,2023,0.0
Oahu_OnshoreWind_OnWind_101,2025,0.0
Oahu_OnshoreWind_OnWind_101,2030,0.0
Oahu_OnshoreWind_OnWind_101,2035,0.0
Oahu_OnshoreWind_OnWind_101,2040,0.0
Oahu_OnshoreWind_OnWind_101,2045,0.0
Oahu_OnshoreWind_OnWind_101,2050,0.0
Oahu_OnshoreWind_OnWind_102,2020,0.0
Oahu_OnshoreWind_OnWind_102,2023,0.0
Oahu_OnshoreWind_OnWind_102,2025,0.0
Oahu_OnshoreWind_OnWind_102,2030,0.0
Oahu_OnshoreWind_OnWind_102,2035,0.0
Oahu_OnshoreWind_OnWind_102,2040,0.0
Oahu_OnshoreWind_OnWind_102,2045,0.0
Oahu_OnshoreWind_OnWind_102,2050,0.0
Oahu_OnshoreWind_OnWind_103,2020,0.0
Oahu_OnshoreWind_OnWind_103,2023,0.0
Oahu_OnshoreWind_OnWind_103,2025,0.0
Oahu_OnshoreWind_OnWind_103,2030,0.0
Oahu_OnshoreWind_OnWind_103,2035,0.0
Oahu_OnshoreWind_OnWind_103,2040,0.0
Oahu_OnshoreWind_OnWind_103,2045,0.0
Oahu_OnshoreWind_OnWind_103,2050,0.0
Oahu_OnshoreWind_OnWind_104,2020,0.0
Oahu_OnshoreWind_OnWind_104,2023,0.0
Oahu_OnshoreWind_OnWind_104,2025,0.0
Oahu_OnshoreWind_OnWind_104,2030,0.0
Oahu_OnshoreWind_OnWind_104,2035,0.0
Oahu_OnshoreWind_OnWind_104,2040,0.0
Oahu_OnshoreWind_OnWind_104,2045,0.0
Oahu_OnshoreWind_OnWind_104,2050,0.0
Oahu_OnshoreWind_OnWind_105,2020,0.0
Oahu_OnshoreWind_OnWind_105,2023,0.0
Oahu_OnshoreWind_OnWind_105,2025,0.0
Oahu_OnshoreWind_OnWind_105,2030,0.0
Oahu_OnshoreWind_OnWind_105,2035,0.0
Oahu_OnshoreWind_OnWind_105,2040,0.0
Oahu_OnshoreWind_OnWind_105,2045,0.0
Oahu_OnshoreWind_OnWind_105,2050,0.0
Oahu_OnshoreWind_OnWind_106,2020,0.0
Oahu_OnshoreWind_OnWind_106,2023,0.0
Oahu_OnshoreWind_OnWind_106,2025,0.0
Oahu_OnshoreWind_OnWind_106,2030,0.0
Oahu_OnshoreWind_OnWind_106,2035,0.0
Oahu_OnshoreWind_OnWind_106,2040,0.0
Oahu_OnshoreWind_OnWind_106,2045,0.0
Oahu_OnshoreWind_OnWind_106,2050,0.0
Oahu_OnshoreWind_OnWind_107,2020,0.0
Oahu_OnshoreWind_OnWind_107,2023,0.0
Oahu_OnshoreWind_OnWind_107,2025,0.0
Oahu_OnshoreWind_OnWind_107,2030,0.0
Oahu_OnshoreWind_OnWind_107,2035,0.0
Oahu_OnshoreWind_OnWind_107,2040,0.0
Oahu_OnshoreWind_OnWind_107,2045,0.0
Oahu_OnshoreWind_OnWind_107,2050,0.0
Oahu_OnshoreWind_OnWind_201,2020,0.0
Oahu_OnshoreWind_OnWind_201,2023,0.0
Oahu_OnshoreWind_OnWind_201,2025,0.0
Oahu_OnshoreWind_OnWind_201,2030,0.0
Oahu_OnshoreWind_OnWind_201,2035,0.0
Oahu_OnshoreWind_OnWind_201,2040,0.0
Oahu_OnshoreWind_OnWind_201,2045,0.0
Oahu_OnshoreWind_OnWind_201,2050,0.0
Oahu_OnshoreWind_OnWind_202,2020,0.0
Oahu_OnshoreWind_OnWind_202,2023,0.0
Oahu_OnshoreWind_OnWind_202,2025,0.0
Oahu_OnshoreWind_OnWind_202,2030,0.0
Oahu_OnshoreWind_OnWind_202,2035,0.0
Oahu_OnshoreWind_OnWind_202,2040,0.0
Oahu_OnshoreWind_OnWind_202,2045,0.0
Oahu_OnshoreWind_OnWind_202,2050,0.0
Oahu_OnshoreWind_OnWind_203,2020,0.0
Oahu_OnshoreWind_OnWind_203,2023,0.0
Oahu_OnshoreWind_OnWind_203,2025,0.0
Oahu_OnshoreWind_OnWind_203,2030,0.0
Oahu_OnshoreWind_OnWind_203,2035,0.0
Oahu_OnshoreWind_OnWind_203,2040,0.0
Oahu_OnshoreWind_OnWind_203,2045,0.0
Oahu_OnshoreWind_OnWind_203,2050,0.0
Oahu_OnshoreWind_OnWind_204,2020,0.0
Oahu_OnshoreWind_OnWind_204,2023,0.0
Oahu_OnshoreWind_OnWind_204,2025,0.0
Oahu_OnshoreWind_OnWind_204,2030,0.0
Oahu_OnshoreWind_OnWind_204,2035,0.0
Oahu_OnshoreWind_OnWind_204,2040,0.0
Oahu_OnshoreWind_OnWind_204,2045,0.0
Oahu_OnshoreWind_OnWind_204,2050,0.0
Oahu_OnshoreWind_OnWind_205,2020,0.0
Oahu_OnshoreWind_OnWind_205,2023,0.0
Oahu_OnshoreWind_OnWind_205,2025,0.0
Oahu_OnshoreWind_OnWind_205,2030,0.0
Oahu_OnshoreWind_OnWind_205,2035,0.0
Oahu_OnshoreWind_OnWind_205,2040,0.0
Oahu_OnshoreWind_OnWind_205,2045,0.0
Oahu_OnshoreWind_OnWind_205,2050,0.0
Oahu_OnshoreWind_OnWind_206,2020,0.0
Oahu_OnshoreWind_OnWind_206,2023,0.0
Oahu_OnshoreWind_OnWind_206,2025,0.0
Oahu_OnshoreWind_OnWind_206,2030,0.0
Oahu_OnshoreWind_OnWind_206,2035,0.0
Oahu_OnshoreWind_OnWind_206,2040,0.0
Oahu_OnshoreWind_OnWind_206,2045,0.0
Oahu_OnshoreWind_OnWind_206,2050,0.0
Oahu_OnshoreWind_OnWind_207,2020,0.0
Oahu_OnshoreWind_OnWind_207,2023,0.0
Oahu_OnshoreWind_OnWind_207,2025,0.0
Oahu_OnshoreWind_OnWind_207,2030,0.0
Oahu_OnshoreWind_OnWind_207,2035,0.0
Oahu_OnshoreWind_OnWind_207,2040,0.0
Oahu_OnshoreWind_OnWind_207,2045,0.0
Oahu_OnshoreWind_OnWind_207,2050,0.0
Oahu_OnshoreWind_OnWind_208,2020,0.0
Oahu_OnshoreWind_OnWind_208,2023,0.0
Oahu_OnshoreWind_OnWind_208,2025,0.0
Oahu_OnshoreWind_OnWind_208,2030,0.0
Oahu_OnshoreWind_OnWind_208,2035,0.0
Oahu_OnshoreWind_OnWind_208,2040,0.0
Oahu_OnshoreWind_OnWind_208,2045,0.0
Oahu_OnshoreWind_OnWind_208,2050,0.0
Oahu_OnshoreWind_OnWind_209,2020,0.0
Oahu_OnshoreWind_OnWind_209,2023,0.0
Oahu_OnshoreWind_OnWind_209,2025,0.0
Oahu_OnshoreWind_OnWind_209,2030,0.0
Oahu_OnshoreWind_OnWind_209,2035,0.0
Oahu_OnshoreWind_OnWind_209,2040,0.0
Oahu_OnshoreWind_OnWind_209,2045,0.0
Oahu_OnshoreWind_OnWind_209,2050,0.0
Oahu_OnshoreWind_OnWind_301,2020,0.0
Oahu_OnshoreWind_OnWind_301,2023,0.0
Oahu_OnshoreWind_OnWind_301,2025,0.0
Oahu_OnshoreWind_OnWind_301,2030,0.0
Oahu_OnshoreWind_OnWind_301,2035,0.0
Oahu_OnshoreWind_OnWind_301,2040,0.0
Oahu_OnshoreWind_OnWind_301,2045,0.0
Oahu_OnshoreWind_OnWind_301,2050,0.0
Oahu_OnshoreWind_OnWind_302,2020,0.0
Oahu_OnshoreWind_OnWind_302,2023,0.0
Oahu_OnshoreWind_OnWind_302,2025,0.0
Oahu_OnshoreWind_OnWind_302,2030,0.0
Oahu_OnshoreWind_OnWind_302,2035,0.0
Oahu_OnshoreWind_OnWind_302,2040,0.0
Oahu_OnshoreWind_OnWind_302,2045,0.0
Oahu_OnshoreWind_OnWind_302,2050,0.0
Oahu_OnshoreWind_OnWind_303,2020,0.0
Oahu_OnshoreWind_OnWind_303,2023,0.0
Oahu_OnshoreWind_OnWind_303,2025,0.0
Oahu_OnshoreWind_OnWind_303,2030,0.0
Oahu_OnshoreWind_OnWind_303,2035,0.0
Oahu_OnshoreWind_OnWind_303,2040,0.0
Oahu_OnshoreWind_OnWind_303,2045,0.0
Oahu_OnshoreWind_OnWind_303,2050,0.0
Oahu_OnshoreWind_OnWind_304,2020,0.0
Oahu_OnshoreWind_OnWind_304,2023,0.0
Oahu_OnshoreWind_OnWind_304,2025,0.0
Oahu_OnshoreWind_OnWind_304,2030,0.0
Oahu_OnshoreWind_OnWind_304,2035,0.0
Oahu_OnshoreWind_OnWind_304,2040,0.0
Oahu_OnshoreWind_OnWind_304,2045,0.0
Oahu_OnshoreWind_OnWind_304,2050,0.0
Oahu_OnshoreWind_OnWind_305,2020,0.0
Oahu_OnshoreWind_OnWind_305,2023,0.0
Oahu_OnshoreWind_OnWind_305,2025,0.0
Oahu_OnshoreWind_OnWind_305,2030,0.0
Oahu_OnshoreWind_OnWind_305,2035,0.0
Oahu_OnshoreWind_OnWind_305,2040,0.0
Oahu_OnshoreWind_OnWind_305,2045,0.0
Oahu_OnshoreWind_OnWind_305,2050,0.0
Oahu_OnshoreWind_OnWind_306,2020,0.0
Oahu_OnshoreWind_OnWind_306,2023,0.0
Oahu_OnshoreWind_OnWind_306,2025,0.0
Oahu_OnshoreWind_OnWind_306,2030,0.0
Oahu_OnshoreWind_OnWind_306,2035,0.0
Oahu_OnshoreWind_OnWind_306,2040,0.0
Oahu_OnshoreWind_OnWind_306,2045,0.0
Oahu_OnshoreWind_OnWind_306,2050,0.0
Oahu_OnshoreWind_OnWind_307,2020,0.0
Oahu_OnshoreWind_OnWind_307,2023,0.0
Oahu_OnshoreWind_OnWind_307,2025,0.0
Oahu_OnshoreWind_OnWind_307,2030,0.0
Oahu_OnshoreWind_OnWind_307,2035,0.0
Oahu_OnshoreWind_OnWind_307,2040,0.0
Oahu_OnshoreWind_OnWind_307,2045,0.0
Oahu_OnshoreWind_OnWind_307,2050,0.0
Oahu_OnshoreWind_OnWind_308,2020,0.0
Oahu_OnshoreWind_OnWind_308,2023,0.0
Oahu_OnshoreWind_OnWind_308,2025,0.0
Oahu_OnshoreWind_OnWind_308,2030,0.0
Oahu_OnshoreWind_OnWind_308,2035,0.0
Oahu_OnshoreWind_OnWind_308,2040,0.0
Oahu_OnshoreWind_OnWind_308,2045,0.0
Oahu_OnshoreWind_OnWind_308,2050,0.0
Oahu_OnshoreWind_OnWind_309,2020,0.0
Oahu_OnshoreWind_OnWind_309,2023,0.0
Oahu_OnshoreWind_OnWind_309,2025,0.0
Oahu_OnshoreWind_OnWind_309,2030,0.0
Oahu_OnshoreWind_OnWind_309,2035,0.0
Oahu_OnshoreWind_OnWind_309,2040,0.0
Oahu_OnshoreWind_OnWind_309,2045,0.0
Oahu_OnshoreWind_OnWind_309,2050,0.0
Oahu_OnshoreWind_OnWind_401,2020,0.0
Oahu_OnshoreWind_OnWind_401,2023,0.0
Oahu_OnshoreWind_OnWind_401,2025,0.0
Oahu_OnshoreWind_OnWind_401,2030,0.0
Oahu_OnshoreWind_OnWind_401,2035,0.0
Oahu_OnshoreWind_OnWind_401,2040,0.0
Oahu_OnshoreWind_OnWind_401,2045,0.0
Oahu_OnshoreWind_OnWind_401,2050,0.0
Oahu_OnshoreWind_OnWind_402,2020,0.0
Oahu_OnshoreWind_OnWind_402,2023,0.0
Oahu_OnshoreWind_OnWind_402,2025,0.0
Oahu_OnshoreWind_OnWind_402,2030,0.0
Oahu_OnshoreWind_OnWind_402,2035,0.0
Oahu_OnshoreWind_OnWind_402,2040,0.0
Oahu_OnshoreWind_OnWind_402,2045,0.0
Oahu_OnshoreWind_OnWind_402,2050,0.0
Oahu_OnshoreWind_OnWind_403,2020,0.0
Oahu_OnshoreWind_OnWind_403,2023,0.0
Oahu_OnshoreWind_OnWind_403,2025,0.0
Oahu_OnshoreWind_OnWind_403,2030,0.0
Oahu_OnshoreWind_OnWind_403,2035,0.0
Oahu_OnshoreWind_OnWind_403,2040,0.0
Oahu_OnshoreWind_OnWind_403,2045,0.0
Oahu_OnshoreWind_OnWind_403,2050,0.0
Oahu_OnshoreWind_OnWind_404,2020,0.0
Oahu_OnshoreWind_OnWind_404,2023,0.0
Oahu_OnshoreWind_OnWind_404,2025,0.0
Oahu_OnshoreWind_OnWind_404,2030,0.0
Oahu_OnshoreWind_OnWind_404,2035,0.0
Oahu_OnshoreWind_OnWind_404,2040,0.0
Oahu_OnshoreWind_OnWind_404,2045,0.0
Oahu_OnshoreWind_OnWind_404,2050,0.0
Oahu_OnshoreWind_OnWind_405,2020,0.0
Oahu_OnshoreWind_OnWind_405,2023,0.0
Oahu_OnshoreWind_OnWind_405,2025,0.0
Oahu_OnshoreWind_OnWind_405,2030,0.0
Oahu_OnshoreWind_OnWind_405,2035,0.0
Oahu_OnshoreWind_OnWind_405,2040,0.0
Oahu_OnshoreWind_OnWind_405,2045,0.0
Oahu_OnshoreWind_OnWind_405,2050,0.0
Oahu_OnshoreWind_OnWind_406,2020,0.0
Oahu_OnshoreWind_OnWind_406,2023,0.0
Oahu_OnshoreWind_OnWind_406,2025,0.0
Oahu_OnshoreWind_OnWind_406,2030,0.0
Oahu_OnshoreWind_OnWind_406,2035,0.0
Oahu_OnshoreWind_OnWind_406,2040,0.0
Oahu_OnshoreWind_OnWind_406,2045,0.0
Oahu_OnshoreWind_OnWind_406,2050,0.0
Oahu_OnshoreWind_OnWind_407,2020,0.0
Oahu_OnshoreWind_OnWind_407,2023,0.0
Oahu_OnshoreWind_OnWind_407,2025,0.0
Oahu_OnshoreWind_OnWind_407,2030,0.0
Oahu_OnshoreWind_OnWind_407,2035,0.0
Oahu_OnshoreWind_OnWind_407,2040,0.0
Oahu_OnshoreWind_OnWind_407,2045,0.0
Oahu_OnshoreWind_OnWind_407,2050,0.0
Oahu_OnshoreWind_OnWind_408,2020,0.0
Oahu_OnshoreWind_OnWind_408,2023,0.0
Oahu_OnshoreWind_OnWind_408,2025,0.0
Oahu_OnshoreWind_OnWind_408,2030,0.0
Oahu_OnshoreWind_OnWind_408,2035,0.0
Oahu_OnshoreWind_OnWind_408,2040,0.0
Oahu_OnshoreWind_OnWind_408,2045,0.0
Oahu_OnshoreWind_OnWind_408,2050,0.0
Oahu_OnshoreWind_OnWind_409,2020,0.0
Oahu_OnshoreWind_OnWind_409,2023,0.0
Oahu_OnshoreWind_OnWind_409,2025,0.0
Oahu_OnshoreWind_OnWind_409,2030,0.0
Oahu_OnshoreWind_OnWind_409,2035,0.0
Oahu_OnshoreWind_OnWind_409,2040,0.0
Oahu_OnshoreWind_OnWind_409,2045,0.0
Oahu_OnshoreWind_OnWind_409,2050,0.0
Oahu_OnshoreWind_OnWind_410,2020,0.0
Oahu_OnshoreWind_OnWind_410,2023,0.0
Oahu_OnshoreWind_OnWind_410,2025,0.0
Oahu_OnshoreWind_OnWind_410,2030,0.0
Oahu_OnshoreWind_OnWind_410,2035,0.0
Oahu_OnshoreWind_OnWind_410,2040,0.0
Oahu_OnshoreWind_OnWind_410,2045,0.0
Oahu_OnshoreWind_OnWind_410,2050,0.0
Oahu_OnshoreWind_OnWind_501,2020,0.0
Oahu_OnshoreWind_OnWind_501,2023,24.0
Oahu_OnshoreWind_OnWind_501,2025,0.0
Oahu_OnshoreWind_OnWind_501,2030,0.0
Oahu_OnshoreWind_OnWind_501,2035,0.0
Oahu_OnshoreWind_OnWind_501,2040,0.0
Oahu_OnshoreWind_OnWind_501,2045,99.0
Oahu_OnshoreWind_OnWind_501,2050,0.0
Oahu_OnshoreWind_OnWind_502,2020,0.0
Oahu_OnshoreWind_OnWind_502,2023,0.0
Oahu_OnshoreWind_OnWind_502,2025,0.0
Oahu_OnshoreWind_OnWind_502,2030,0.0
Oahu_OnshoreWind_OnWind_502,2035,0.0
Oahu_OnshoreWind_OnWind_502,2040,0.0
Oahu_OnshoreWind_OnWind_502,2045,0.0
Oahu_OnshoreWind_OnWind_502,2050,0.0
Oahu_OnshoreWind_OnWind_503,2020,0.0
Oahu_OnshoreWind_OnWind_503,2023,0.0
Oahu_OnshoreWind_OnWind_503,2025,0.0
Oahu_OnshoreWind_OnWind_503,2030,0.0
Oahu_OnshoreWind_OnWind_503,2035,0.0
Oahu_OnshoreWind_OnWind_503,2040,0.0
Oahu_OnshoreWind_OnWind_503,2045,0.0
Oahu_OnshoreWind_OnWind_503,2050,0.0
Oahu_OnshoreWind_OnWind_504,2020,0.0
Oahu_OnshoreWind_OnWind_504,2023,0.0
Oahu_OnshoreWind_OnWind_504,2025,0.0
Oahu_OnshoreWind_OnWind_504,2030,0.0
Oahu_OnshoreWind_OnWind_504,2035,0.0
Oahu_OnshoreWind_OnWind_504,2040,0.0
Oahu_OnshoreWind_OnWind_504,2045,0.0
Oahu_OnshoreWind_OnWind_504,2050,0.0
Oahu_OnshoreWind_OnWind_505,2020,0.0
Oahu_OnshoreWind_OnWind_505,2023,0.0
Oahu_OnshoreWind_OnWind_505,2025,0.0
Oahu_OnshoreWind_OnWind_505,2030,0.0
Oahu_OnshoreWind_OnWind_505,2035,0.0
Oahu_OnshoreWind_OnWind_505,2040,0.0
Oahu_OnshoreWind_OnWind_505,2045,0.0
Oahu_OnshoreWind_OnWind_505,2050,0.0
Oahu_OnshoreWind_OnWind_506,2020,0.0
Oahu_OnshoreWind_OnWind_506,2023,0.0
Oahu_OnshoreWind_OnWind_506,2025,0.0
Oahu_OnshoreWind_OnWind_506,2030,0.0
Oahu_OnshoreWind_OnWind_506,2035,0.0
Oahu_OnshoreWind_OnWind_506,2040,0.0
Oahu_OnshoreWind_OnWind_506,2045,0.0
Oahu_OnshoreWind_OnWind_506,2050,0.0
Oahu_OnshoreWind_OnWind_507,2020,0.0
Oahu_OnshoreWind_OnWind_507,2023,0.0
Oahu_OnshoreWind_OnWind_507,2025,0.0
Oahu_OnshoreWind_OnWind_507,2030,0.0
Oahu_OnshoreWind_OnWind_507,2035,0.0
Oahu_OnshoreWind_OnWind_507,2040,0.0
Oahu_OnshoreWind_OnWind_507,2045,0.0
Oahu_OnshoreWind_OnWind_507,2050,0.0
Oahu_OnshoreWind_OnWind_508,2020,0.0
Oahu_OnshoreWind_OnWind_508,2023,0.0
Oahu_OnshoreWind_OnWind_508,2025,0.0
Oahu_OnshoreWind_OnWind_508,2030,0.0
Oahu_OnshoreWind_OnWind_508,2035,0.0
Oahu_OnshoreWind_OnWind_508,2040,0.0
Oahu_OnshoreWind_OnWind_508,2045,0.0
Oahu_OnshoreWind_OnWind_508,2050,0.0
Oahu_OnshoreWind_OnWind_509,2020,0.0
Oahu_OnshoreWind_OnWind_509,2023,0.0
Oahu_OnshoreWind_OnWind_509,2025,0.0
Oahu_OnshoreWind_OnWind_509,2030,0.0
Oahu_OnshoreWind_OnWind_509,2035,0.0
Oahu_OnshoreWind_OnWind_509,2040,0.0
Oahu_OnshoreWind_OnWind_509,2045,0.0
Oahu_OnshoreWind_OnWind_509,2050,0.0
Oahu_OnshoreWind_OnWind_Kahuku,2011,30.0
Oahu_OnshoreWind_OnWind_Kahuku,2020,0.0
Oahu_OnshoreWind_OnWind_Kahuku,2023,0.0
Oahu_OnshoreWind_OnWind_Kahuku,2025,0.0
Oahu_OnshoreWind_OnWind_Kahuku,2030,0.0
Oahu_OnshoreWind_OnWind_Kahuku,2035,0.0
Oahu_OnshoreWind_OnWind_Kahuku,2040,0.0
Oahu_OnshoreWind_OnWind_Kahuku,2045,0.0
Oahu_OnshoreWind_OnWind_Kahuku,2050,0.0
Oahu_OnshoreWind_OnWind_Kawailoa,2012,69.0
Oahu_OnshoreWind_OnWind_Kawailoa,2020,0.0
Oahu_OnshoreWind_OnWind_Kawailoa,2023,0.0
Oahu_OnshoreWind_OnWind_Kawailoa,2025,0.0
Oahu_OnshoreWind_OnWind_Kawailoa,2030,0.0
Oahu_OnshoreWind_OnWind_Kawailoa,2035,0.0
Oahu_OnshoreWind_OnWind_Kawailoa,2040,0.0
Oahu_OnshoreWind_OnWind_Kawailoa,2045,0.0
Oahu_OnshoreWind_OnWind_Kawailoa,2050,0.0
Oahu_SlopedDistPV_Oahu_SlopedDistPV_0,2020,0.0
Oahu_SlopedDistPV_Oahu_SlopedDistPV_0,2023,0.0
Oahu_SlopedDistPV_Oahu_SlopedDistPV_0,2025,0.0
Oahu_SlopedDistPV_Oahu_SlopedDistPV_0,2030,0.0
Oahu_SlopedDistPV_Oahu_SlopedDistPV_0,2035,0.0
Oahu_SlopedDistPV_Oahu_SlopedDistPV_0,2040,0.0
Oahu_SlopedDistPV_Oahu_SlopedDistPV_0,2045,0.0
Oahu_SlopedDistPV_Oahu_SlopedDistPV_0,2050,0.0
Oahu_SlopedDistPV_Oahu_SlopedDistPV_1,2012,12.1461726541238
Oahu_SlopedDistPV_Oahu_SlopedDistPV_1,2013,12.9623707342228
Oahu_SlopedDistPV_Oahu_SlopedDistPV_1,2014,13.5608856960771
Oahu_SlopedDistPV_Oahu_SlopedDistPV_1,2015,6.41233569610082
Oahu_SlopedDistPV_Oahu_SlopedDistPV_1,2016,8.8709279084258
Oahu_SlopedDistPV_Oahu_SlopedDistPV_1,2017,6.03513947868313
Oahu_SlopedDistPV_Oahu_SlopedDistPV_1,2018,3.69470511759742
Oahu_SlopedDistPV_Oahu_SlopedDistPV_1,2019,3.43566675141901
Oahu_SlopedDistPV_Oahu_SlopedDistPV_1,2020,0.0
Oahu_SlopedDistPV_Oahu_SlopedDistPV_1,2023,0.0
Oahu_SlopedDistPV_Oahu_SlopedDistPV_1,2025,0.0
Oahu_SlopedDistPV_Oahu_SlopedDistPV_1,2030,0.0
Oahu_SlopedDistPV_Oahu_SlopedDistPV_1,2035,0.0
Oahu_SlopedDistPV_Oahu_SlopedDistPV_1,2040,156.11084227811114
Oahu_SlopedDistPV_Oahu_SlopedDistPV_1,2045,45.08176478052451
Oahu_SlopedDistPV_Oahu_SlopedDistPV_1,2050,22.036439256125362
Oahu_SlopedDistPV_Oahu_SlopedDistPV_10,2012,1.92296216980849
Oahu_SlopedDistPV_Oahu_SlopedDistPV_10,2013,2.05218131363219
Oahu_SlopedDistPV_Oahu_SlopedDistPV_10,2014,2.14693722254968
Oahu_SlopedDistPV_Oahu_SlopedDistPV_10,2015,1.01519048961716
Oahu_SlopedDistPV_Oahu_SlopedDistPV_10,2016,1.4044307836518
Oahu_SlopedDistPV_Oahu_SlopedDistPV_10,2017,0.955473401992619
Oahu_SlopedDistPV_Oahu_SlopedDistPV_10,2018,0.584939665527108
Oahu_SlopedDistPV_Oahu_SlopedDistPV_10,2019,0.543929135471702
Oahu_SlopedDistPV_Oahu_SlopedDistPV_10,2020,0.0
Oahu_SlopedDistPV_Oahu_SlopedDistPV_10,2023,0.0
Oahu_SlopedDistPV_Oahu_SlopedDistPV_10,2025,0.0
Oahu_SlopedDistPV_Oahu_SlopedDistPV_10,2030,0.0
Oahu_SlopedDistPV_Oahu_SlopedDistPV_10,2035,0.0
Oahu_SlopedDistPV_Oahu_SlopedDistPV_10,2040,9.223157721888867
Oahu_SlopedDistPV_Oahu_SlopedDistPV_10,2045,22.6293264503617
Oahu_SlopedDistPV_Oahu_SlopedDistPV_10,2050,3.48877298664323
Oahu_SlopedDistPV_Oahu_SlopedDistPV_11,2020,0.0
Oahu_SlopedDistPV_Oahu_SlopedDistPV_11,2023,0.0
Oahu_SlopedDistPV_Oahu_SlopedDistPV_11,2025,0.0
Oahu_SlopedDistPV_Oahu_SlopedDistPV_11,2030,0.0
Oahu_SlopedDistPV_Oahu_SlopedDistPV_11,2035,0.0
Oahu_SlopedDistPV_Oahu_SlopedDistPV_11,2040,0.0
Oahu_SlopedDistPV_Oahu_SlopedDistPV_11,2045,0.0
Oahu_SlopedDistPV_Oahu_SlopedDistPV_11,2050,0.0
Oahu_SlopedDistPV_Oahu_SlopedDistPV_12,2020,0.0
Oahu_SlopedDistPV_Oahu_SlopedDistPV_12,2023,0.0
Oahu_SlopedDistPV_Oahu_SlopedDistPV_12,2025,0.0
Oahu_SlopedDistPV_Oahu_SlopedDistPV_12,2030,0.0
Oahu_SlopedDistPV_Oahu_SlopedDistPV_12,2035,0.0
Oahu_SlopedDistPV_Oahu_SlopedDistPV_12,2040,0.0
Oahu_SlopedDistPV_Oahu_SlopedDistPV_12,2045,0.0
Oahu_SlopedDistPV_Oahu_SlopedDistPV_12,2050,0.0
Oahu_SlopedDistPV_Oahu_SlopedDistPV_13,2020,0.0
Oahu_SlopedDistPV_Oahu_SlopedDistPV_13,2023,0.0
Oahu_SlopedDistPV_Oahu_SlopedDistPV_13,2025,0.0
Oahu_SlopedDistPV_Oahu_SlopedDistPV_13,2030,0.0
Oahu_SlopedDistPV_Oahu_SlopedDistPV_13,2035,0.0
Oahu_SlopedDistPV_Oahu_SlopedDistPV_13,2040,0.0
Oahu_SlopedDistPV_Oahu_SlopedDistPV_13,2045,0.0
Oahu_SlopedDistPV_Oahu_SlopedDistPV_13,2050,0.0
Oahu_SlopedDistPV_Oahu_SlopedDistPV_14,2012,4.29593590770649
Oahu_SlopedDistPV_Oahu_SlopedDistPV_14,2013,4.58461405677825
Oahu_SlopedDistPV_Oahu_SlopedDistPV_14,2014,4.79630065050181
Oahu_SlopedDistPV_Oahu_SlopedDistPV_14,2015,2.2679558370838
Oahu_SlopedDistPV_Oahu_SlopedDistPV_14,2016,3.13752643089126
Oahu_SlopedDistPV_Oahu_SlopedDistPV_14,2017,2.13454667019652
Oahu_SlopedDistPV_Oahu_SlopedDistPV_14,2018,1.30676689975133
Oahu_SlopedDistPV_Oahu_SlopedDistPV_14,2019,1.21514855622633
Oahu_SlopedDistPV_Oahu_SlopedDistPV_14,2020,0.0
Oahu_SlopedDistPV_Oahu_SlopedDistPV_14,2023,0.0
Oahu_SlopedDistPV_Oahu_SlopedDistPV_14,2025,0.0
Oahu_SlopedDistPV_Oahu_SlopedDistPV_14,2030,0.0
Oahu_SlopedDistPV_Oahu_SlopedDistPV_14,2035,0.0
Oahu_SlopedDistPV_Oahu_SlopedDistPV_14,2040,0.0
Oahu_SlopedDistPV_Oahu_SlopedDistPV_14,2045,0.0
Oahu_SlopedDistPV_Oahu_SlopedDistPV_14,2050,0.0
Oahu_SlopedDistPV_Oahu_SlopedDistPV_15,2020,0.0
Oahu_SlopedDistPV_Oahu_SlopedDistPV_15,2023,0.0
Oahu_SlopedDistPV_Oahu_SlopedDistPV_15,2025,0.0
Oahu_SlopedDistPV_Oahu_SlopedDistPV_15,2030,0.0
Oahu_SlopedDistPV_Oahu_SlopedDistPV_15,2035,0.0
Oahu_SlopedDistPV_Oahu_SlopedDistPV_15,2040,0.0
Oahu_SlopedDistPV_Oahu_SlopedDistPV_15,2045,0.0
Oahu_SlopedDistPV_Oahu_SlopedDistPV_15,2050,0.0
Oahu_SlopedDistPV_Oahu_SlopedDistPV_2,2020,0.0
Oahu_SlopedDistPV_Oahu_SlopedDistPV_2,2023,0.0
Oahu_SlopedDistPV_Oahu_SlopedDistPV_2,2025,0.0
Oahu_SlopedDistPV_Oahu_SlopedDistPV_2,2030,0.0
Oahu_SlopedDistPV_Oahu_SlopedDistPV_2,2035,0.0
Oahu_SlopedDistPV_Oahu_SlopedDistPV_2,2040,0.0
Oahu_SlopedDistPV_Oahu_SlopedDistPV_2,2045,0.0
Oahu_SlopedDistPV_Oahu_SlopedDistPV_2,2050,0.0
Oahu_SlopedDistPV_Oahu_SlopedDistPV_3,2012,4.68247893347473
Oahu_SlopedDistPV_Oahu_SlopedDistPV_3,2013,4.9971319871104
Oahu_SlopedDistPV_Oahu_SlopedDistPV_3,2014,5.22786588000471
Oahu_SlopedDistPV_Oahu_SlopedDistPV_3,2015,2.47202371202636
Oahu_SlopedDistPV_Oahu_SlopedDistPV_3,2016,3.41983719764383
Oahu_SlopedDistPV_Oahu_SlopedDistPV_3,2017,2.32661055249539
Oahu_SlopedDistPV_Oahu_SlopedDistPV_3,2018,1.42434817709244
Oahu_SlopedDistPV_Oahu_SlopedDistPV_3,2019,1.32448612777599
Oahu_SlopedDistPV_Oahu_SlopedDistPV_3,2020,0.0
Oahu_SlopedDistPV_Oahu_SlopedDistPV_3,2023,0.0
Oahu_SlopedDistPV_Oahu_SlopedDistPV_3,2025,0.0
Oahu_SlopedDistPV_Oahu_SlopedDistPV_3,2030,0.0
Oahu_SlopedDistPV_Oahu_SlopedDistPV_3,2035,0.0
Oahu_SlopedDistPV_Oahu_SlopedDistPV_3,2040,0.0
Oahu_SlopedDistPV_Oahu_SlopedDistPV_3,2045,0.0
Oahu_SlopedDistPV_Oahu_SlopedDistPV_3,2050,86.0571750849961
Oahu_SlopedDistPV_Oahu_SlopedDistPV_4,2020,0.0
Oahu_SlopedDistPV_Oahu_SlopedDistPV_4,2023,0.0
Oahu_SlopedDistPV_Oahu_SlopedDistPV_4,2025,0.0
Oahu_SlopedDistPV_Oahu_SlopedDistPV_4,2030,0.0
Oahu_SlopedDistPV_Oahu_SlopedDistPV_4,2035,0.0
Oahu_SlopedDistPV_Oahu_SlopedDistPV_4,2040,0.0
Oahu_SlopedDistPV_Oahu_SlopedDistPV_4,2045,0.0
Oahu_SlopedDistPV_Oahu_SlopedDistPV_4,2050,0.0
Oahu_SlopedDistPV_Oahu_SlopedDistPV_5,2020,0.0
Oahu_SlopedDistPV_Oahu_SlopedDistPV_5,2023,0.0
Oahu_SlopedDistPV_Oahu_SlopedDistPV_5,2025,0.0
Oahu_SlopedDistPV_Oahu_SlopedDistPV_5,2030,0.0
Oahu_SlopedDistPV_Oahu_SlopedDistPV_5,2035,0.0
Oahu_SlopedDistPV_Oahu_SlopedDistPV_5,2040,0.0
Oahu_SlopedDistPV_Oahu_SlopedDistPV_5,2045,0.0
Oahu_SlopedDistPV_Oahu_SlopedDistPV_5,2050,0.0
Oahu_SlopedDistPV_Oahu_SlopedDistPV_6,2012,3.45218112583136
Oahu_SlopedDistPV_Oahu_SlopedDistPV_6,2013,3.6841606709353
Oahu_SlopedDistPV_Oahu_SlopedDistPV_6,2014,3.85427039304103
Oahu_SlopedDistPV_Oahu_SlopedDistPV_6,2015,1.82251190502041
Oahu_SlopedDistPV_Oahu_SlopedDistPV_6,2016,2.52129216059521
Oahu_SlopedDistPV_Oahu_SlopedDistPV_6,2017,1.71530532237215
Oahu_SlopedDistPV_Oahu_SlopedDistPV_6,2018,1.05010785172331
Oahu_SlopedDistPV_Oahu_SlopedDistPV_6,2019,0.976484054001013
Oahu_SlopedDistPV_Oahu_SlopedDistPV_6,2020,0.0
Oahu_SlopedDistPV_Oahu_SlopedDistPV_6,2023,0.0
Oahu_SlopedDistPV_Oahu_SlopedDistPV_6,2025,0.0
Oahu_SlopedDistPV_Oahu_SlopedDistPV_6,2030,0.0
Oahu_SlopedDistPV_Oahu_SlopedDistPV_6,2035,0.0
Oahu_SlopedDistPV_Oahu_SlopedDistPV_6,2040,0.0
Oahu_SlopedDistPV_Oahu_SlopedDistPV_6,2045,57.18289542910591
Oahu_SlopedDistPV_Oahu_SlopedDistPV_6,2050,6.263189388691686
Oahu_SlopedDistPV_Oahu_SlopedDistPV_7,2020,0.0
Oahu_SlopedDistPV_Oahu_SlopedDistPV_7,2023,0.0
Oahu_SlopedDistPV_Oahu_SlopedDistPV_7,2025,0.0
Oahu_SlopedDistPV_Oahu_SlopedDistPV_7,2030,0.0
Oahu_SlopedDistPV_Oahu_SlopedDistPV_7,2035,0.0
Oahu_SlopedDistPV_Oahu_SlopedDistPV_7,2040,0.0
Oahu_SlopedDistPV_Oahu_SlopedDistPV_7,2045,0.0
Oahu_SlopedDistPV_Oahu_SlopedDistPV_7,2050,0.0
Oahu_SlopedDistPV_Oahu_SlopedDistPV_8,2012,9.83583672512547
Oahu_SlopedDistPV_Oahu_SlopedDistPV_8,2013,10.4967849332418
Oahu_SlopedDistPV_Oahu_SlopedDistPV_8,2014,10.981455751777
Oahu_SlopedDistPV_Oahu_SlopedDistPV_8,2015,5.19263876198303
Oahu_SlopedDistPV_Oahu_SlopedDistPV_8,2016,7.18357963387021
Oahu_SlopedDistPV_Oahu_SlopedDistPV_8,2017,4.88718942304285
Oahu_SlopedDistPV_Oahu_SlopedDistPV_8,2018,2.9919314766068
Oahu_SlopedDistPV_Oahu_SlopedDistPV_8,2019,2.78216506311777
Oahu_SlopedDistPV_Oahu_SlopedDistPV_8,2020,0.0
Oahu_SlopedDistPV_Oahu_SlopedDistPV_8,2023,0.0
Oahu_SlopedDistPV_Oahu_SlopedDistPV_8,2025,0.0
Oahu_SlopedDistPV_Oahu_SlopedDistPV_8,2030,0.0
Oahu_SlopedDistPV_Oahu_SlopedDistPV_8,2035,0.0
Oahu_SlopedDistPV_Oahu_SlopedDistPV_8,2040,0.0
Oahu_SlopedDistPV_Oahu_SlopedDistPV_8,2045,162.92355540156137
Oahu_SlopedDistPV_Oahu_SlopedDistPV_8,2050,0.0
Oahu_SlopedDistPV_Oahu_SlopedDistPV_9,2012,17.1184324839297
Oahu_SlopedDistPV_Oahu_SlopedDistPV_9,2013,18.2687563040792
Oahu_SlopedDistPV_Oahu_SlopedDistPV_9,2014,19.1122844060486
Oahu_SlopedDistPV_Oahu_SlopedDistPV_9,2015,9.03734359816842
Oahu_SlopedDistPV_Oahu_SlopedDistPV_9,2016,12.5024058849219
Oahu_SlopedDistPV_Oahu_SlopedDistPV_9,2017,8.50573515121734
Oahu_SlopedDistPV_Oahu_SlopedDistPV_9,2018,5.20720081170158
Oahu_SlopedDistPV_Oahu_SlopedDistPV_9,2019,4.84212031198819
Oahu_SlopedDistPV_Oahu_SlopedDistPV_9,2020,0.0
Oahu_SlopedDistPV_Oahu_SlopedDistPV_9,2023,0.0
Oahu_SlopedDistPV_Oahu_SlopedDistPV_9,2025,0.0
Oahu_SlopedDistPV_Oahu_SlopedDistPV_9,2030,0.0
Oahu_SlopedDistPV_Oahu_SlopedDistPV_9,2035,0.0
Oahu_SlopedDistPV_Oahu_SlopedDistPV_9,2040,0.0
Oahu_SlopedDistPV_Oahu_SlopedDistPV_9,2045,0.0
Oahu_SlopedDistPV_Oahu_SlopedDistPV_9,2050,0.0
Oahu_Tesoro_Hawaii,1990,20.0
Oahu_Waiau_10,1973,49.9
Oahu_Waiau_3,1947,46.6
Oahu_Waiau_4,1950,46.6
Oahu_Waiau_5,1959,54.5
Oahu_Waiau_6,1961,53.5
Oahu_Waiau_7,1966,82.9
Oahu_Waiau_8,1968,86.1
Oahu_Waiau_9,1973,52.9
